{
  "width": 175,
  "command": null,
  "stdout": [
    [
      1.611135,
      "\u001b[?25h"
    ],
    [
      0.000379,
      "\u001b[0G\u001b[K"
    ],
    [
      0.00013,
      "\u001b[?25h"
    ],
    [
      2e-05,
      "\u001b[0G"
    ],
    [
      1.4e-05,
      "\u001b[K"
    ],
    [
      0.509108,
      "\u001b[1m\u001b[7m%\u001b[27m\u001b[1m\u001b[0m                                                                                                                                                                              \r \r"
    ],
    [
      5e-05,
      "\u001b]2;pcfl@ssd-mint: ~/test\u0007"
    ],
    [
      2.3e-05,
      "\u001b]1;~/test\u0007"
    ],
    [
      0.127419,
      "\r\u001b[0m\u001b[27m\u001b[24m\u001b[J\u001b[39m\u001b[0m\u001b[49m\u001b[40m\u001b[39m pcfl@ssd-mint \u001b[44m\u001b[30m\u001b[30m ~/test \u001b[43m\u001b[34m\u001b[30m  master \u001b[49m\u001b[33m\u001b[39m \u001b[K"
    ],
    [
      3.3e-05,
      "\u001b[?1h\u001b="
    ],
    [
      1.016175,
      "g"
    ],
    [
      0.084578,
      "\bgi"
    ],
    [
      0.077994,
      "t"
    ],
    [
      0.087554,
      " "
    ],
    [
      0.178107,
      "a"
    ],
    [
      0.519268,
      "d"
    ],
    [
      0.150046,
      "d"
    ],
    [
      0.145085,
      " "
    ],
    [
      0.243399,
      "t"
    ],
    [
      0.030558,
      "e"
    ],
    [
      0.17239,
      "s"
    ],
    [
      0.143266,
      "t"
    ],
    [
      0.391605,
      "."
    ],
    [
      0.115981,
      "c"
    ],
    [
      0.553157,
      "\u001b[?1l\u001b>\r\r\n"
    ],
    [
      0.004058,
      "\u001b]2;git add test.c\u0007\u001b]1;git\u0007"
    ],
    [
      0.006003,
      "\u001b[1m\u001b[7m%\u001b[27m\u001b[1m\u001b[0m                                                                                                                                                                              \r \r"
    ],
    [
      0.000204,
      "\u001b]2;pcfl@ssd-mint: ~/test\u0007\u001b]1;~/test\u0007"
    ],
    [
      0.131168,
      "\r\u001b[0m\u001b[27m\u001b[24m\u001b[J\u001b[39m\u001b[0m\u001b[49m\u001b[40m\u001b[39m pcfl@ssd-mint \u001b[44m\u001b[30m\u001b[30m ~/test \u001b[43m\u001b[34m\u001b[30m  master \u001b[49m\u001b[33m\u001b[39m \u001b[K"
    ],
    [
      7.4e-05,
      "\u001b[?1h\u001b="
    ],
    [
      1.374298,
      "g"
    ],
    [
      0.10326,
      "\bgi"
    ],
    [
      0.092956,
      "t"
    ],
    [
      0.144511,
      " "
    ],
    [
      0.282843,
      "s"
    ],
    [
      0.166865,
      "t"
    ],
    [
      0.087538,
      "a"
    ],
    [
      0.06927,
      "t"
    ],
    [
      0.221801,
      "u"
    ],
    [
      0.077402,
      "s"
    ],
    [
      1.096581,
      "\u001b[?1l\u001b>\r\r\n"
    ],
    [
      0.001488,
      "\u001b]2;git status\u0007\u001b]1;git\u0007"
    ],
    [
      0.004848,
      "On branch master\r\n\r\nInitial commit\r\n\r\n"
    ],
    [
      0.000113,
      "Changes to be committed:\r\n  (use \"git rm --cached <file>...\" to unstage)\r\n\r\n"
    ],
    [
      8.7e-05,
      "\t\u001b[32mnew file:   test.c\u001b[m\r\n\r\nUntracked files:\r\n"
    ],
    [
      8.2e-05,
      "  (use \"git add <file>...\" to include in what will be committed)\r\n\r\n\t\u001b[31m.gitignore\u001b[m\r\n\t\u001b[31mMakefile\u001b[m\r\n\r\n"
    ],
    [
      0.000795,
      "\u001b[1m\u001b[7m%\u001b[27m\u001b[1m\u001b[0m                                                                                                                                                                              \r \r"
    ],
    [
      0.000176,
      "\u001b]2;pcfl@ssd-mint: ~/test\u0007"
    ],
    [
      8.1e-05,
      "\u001b]1;~/test\u0007"
    ],
    [
      0.135093,
      "\r\u001b[0m\u001b[27m\u001b[24m\u001b[J\u001b[39m\u001b[0m\u001b[49m\u001b[40m\u001b[39m pcfl@ssd-mint \u001b[44m\u001b[30m\u001b[30m ~/test \u001b[43m\u001b[34m\u001b[30m  master \u001b[49m\u001b[33m\u001b[39m \u001b[K"
    ],
    [
      7.3e-05,
      "\u001b[?1h\u001b="
    ],
    [
      3.734787,
      "\u001b[H\u001b[2J\u001b[0m\u001b[27m\u001b[24m\u001b[J\u001b[39m\u001b[0m\u001b[49m\u001b[40m\u001b[39m pcfl@ssd-mint \u001b[44m\u001b[30m\u001b[30m ~/test \u001b[43m\u001b[34m\u001b[30m  master \u001b[49m\u001b[33m\u001b[39m \u001b[K"
    ],
    [
      1.612334,
      "g"
    ],
    [
      0.094737,
      "\bgi"
    ],
    [
      0.076962,
      "t"
    ],
    [
      0.15257,
      " "
    ],
    [
      0.370201,
      "a"
    ],
    [
      0.190968,
      "d"
    ],
    [
      0.110139,
      "d"
    ],
    [
      0.110035,
      " "
    ],
    [
      0.160112,
      "."
    ],
    [
      0.967047,
      "\u001b[?1l\u001b>\r\r\n"
    ],
    [
      0.001479,
      "\u001b]2;git add .\u0007\u001b]1;git\u0007"
    ],
    [
      0.005773,
      "\u001b[1m\u001b[7m%\u001b[27m\u001b[1m\u001b[0m                                                                                                                                                                              \r \r"
    ],
    [
      0.000205,
      "\u001b]2;pcfl@ssd-mint: ~/test\u0007"
    ],
    [
      8.1e-05,
      "\u001b]1;~/test\u0007"
    ],
    [
      0.139725,
      "\r\u001b[0m\u001b[27m\u001b[24m\u001b[J\u001b[39m\u001b[0m\u001b[49m\u001b[40m\u001b[39m pcfl@ssd-mint \u001b[44m\u001b[30m\u001b[30m ~/test \u001b[43m\u001b[34m\u001b[30m  master \u001b[49m\u001b[33m\u001b[39m \u001b[K"
    ],
    [
      0.000116,
      "\u001b[?1h\u001b="
    ],
    [
      0.696599,
      "g"
    ],
    [
      0.111048,
      "\bgi"
    ],
    [
      0.069056,
      "t"
    ],
    [
      0.112089,
      " "
    ],
    [
      0.162921,
      "s"
    ],
    [
      0.175066,
      "t"
    ],
    [
      0.084349,
      "a"
    ],
    [
      0.072757,
      "t"
    ],
    [
      0.17344,
      "u"
    ],
    [
      0.070963,
      "s"
    ],
    [
      0.767266,
      "\u001b[?1l\u001b>\r\r\n"
    ],
    [
      0.001484,
      "\u001b]2;git status\u0007\u001b]1;git\u0007"
    ],
    [
      0.003499,
      "On branch master\r\n\r\nInitial commit\r\n"
    ],
    [
      3.6e-05,
      "\r\nChanges to be committed:\r\n  (use \"git rm --cached <file>...\" to unstage)\r\n\r\n"
    ],
    [
      4.6e-05,
      "\t\u001b[32mnew file:   .gitignore\u001b[m\r\n"
    ],
    [
      3.3e-05,
      "\t\u001b[32mnew file:   Makefile\u001b[m\r\n\t\u001b[32mnew file:   test.c\u001b[m\r\n"
    ],
    [
      2.8e-05,
      "\r\n"
    ],
    [
      0.000616,
      "\u001b[1m\u001b[7m%\u001b[27m\u001b[1m\u001b[0m                                                                                                                                                                              \r \r"
    ],
    [
      0.000165,
      "\u001b]2;pcfl@ssd-mint: ~/test\u0007"
    ],
    [
      5.5e-05,
      "\u001b]1;~/test\u0007"
    ],
    [
      0.140896,
      "\r\u001b[0m\u001b[27m\u001b[24m\u001b[J\u001b[39m\u001b[0m\u001b[49m\u001b[40m\u001b[39m pcfl@ssd-mint \u001b[44m\u001b[30m\u001b[30m ~/test \u001b[43m\u001b[34m\u001b[30m  master \u001b[49m\u001b[33m\u001b[39m \u001b[K"
    ],
    [
      7.6e-05,
      "\u001b[?1h\u001b="
    ],
    [
      2.359335,
      "\r\r\n"
    ]
  ],
  "title": null,
  "duration": 22.90925,
  "height": 29,
  "version": 1,
  "env": {
    "TERM": "xterm",
    "SHELL": "/usr/bin/zsh"
  }
}