{
  "title": null,
  "height": 29,
  "version": 1,
  "stdout": [
    [
      1.589249,
      "\u001b[?25h"
    ],
    [
      0.000378,
      "\u001b[0G"
    ],
    [
      2.3e-05,
      "\u001b[K"
    ],
    [
      0.000127,
      "\u001b[?25h"
    ],
    [
      2.1e-05,
      "\u001b[0G\u001b[K"
    ],
    [
      0.497856,
      "\u001b[1m\u001b[7m%\u001b[27m\u001b[1m\u001b[0m                                                                                                                                                                              \r \r"
    ],
    [
      2.6e-05,
      "\u001b]2;pcfl@ssd-mint: ~/test\u0007\u001b]1;~/test\u0007"
    ],
    [
      0.132852,
      "\r\u001b[0m\u001b[27m\u001b[24m\u001b[J\u001b[39m\u001b[0m\u001b[49m\u001b[40m\u001b[39m pcfl@ssd-mint \u001b[44m\u001b[30m\u001b[30m ~/test \u001b[43m\u001b[34m\u001b[30m  master ● \u001b[49m\u001b[33m\u001b[39m \u001b[K"
    ],
    [
      0.000102,
      "\u001b[?1h\u001b="
    ],
    [
      0.964504,
      "g"
    ],
    [
      0.100417,
      "\bgi"
    ],
    [
      0.069854,
      "t"
    ],
    [
      0.119514,
      " "
    ],
    [
      0.218326,
      "a"
    ],
    [
      0.246948,
      "d"
    ],
    [
      0.133709,
      "d"
    ],
    [
      0.125929,
      " "
    ],
    [
      0.271104,
      "t"
    ],
    [
      0.054503,
      "e"
    ],
    [
      0.164623,
      "s"
    ],
    [
      0.103058,
      "t"
    ],
    [
      0.191374,
      "."
    ],
    [
      0.124095,
      "c"
    ],
    [
      0.577127,
      "\u001b[?1l\u001b>\r\r\n"
    ],
    [
      0.001729,
      "\u001b]2;git add test.c\u0007\u001b]1;git\u0007"
    ],
    [
      0.006796,
      "\u001b[1m\u001b[7m%\u001b[27m\u001b[1m\u001b[0m                                                                                                                                                                              \r \r"
    ],
    [
      6.9e-05,
      "\u001b]2;pcfl@ssd-mint: ~/test\u0007"
    ],
    [
      4.6e-05,
      "\u001b]1;~/test\u0007"
    ],
    [
      0.145674,
      "\r\u001b[0m\u001b[27m\u001b[24m\u001b[J\u001b[39m\u001b[0m\u001b[49m\u001b[40m\u001b[39m pcfl@ssd-mint \u001b[44m\u001b[30m\u001b[30m ~/test \u001b[43m\u001b[34m\u001b[30m  master ✚ \u001b[49m\u001b[33m\u001b[39m \u001b[K"
    ],
    [
      7.5e-05,
      "\u001b[?1h\u001b="
    ],
    [
      1.689885,
      "g"
    ],
    [
      0.351048,
      "\bgi"
    ],
    [
      0.093082,
      "t"
    ],
    [
      0.112264,
      " "
    ],
    [
      0.170895,
      "c"
    ],
    [
      0.167858,
      "o"
    ],
    [
      0.518168,
      "m"
    ],
    [
      0.125461,
      "m"
    ],
    [
      0.262501,
      "i"
    ],
    [
      0.13314,
      "t"
    ],
    [
      0.504401,
      " "
    ],
    [
      1.086161,
      "-"
    ],
    [
      0.28449,
      "m"
    ],
    [
      0.143864,
      " "
    ],
    [
      0.594741,
      "\""
    ],
    [
      0.546911,
      "A"
    ],
    [
      0.34995,
      "d"
    ],
    [
      0.158179,
      "d"
    ],
    [
      0.095029,
      "e"
    ],
    [
      0.152736,
      "d"
    ],
    [
      0.145858,
      " "
    ],
    [
      1.049403,
      "a"
    ],
    [
      0.288045,
      "n"
    ],
    [
      0.271098,
      "o"
    ],
    [
      0.156474,
      "t"
    ],
    [
      0.150684,
      "h"
    ],
    [
      0.076815,
      "e"
    ],
    [
      0.063256,
      "r"
    ],
    [
      0.120638,
      " "
    ],
    [
      0.570842,
      "t"
    ],
    [
      0.078247,
      "e"
    ],
    [
      0.236987,
      "s"
    ],
    [
      0.22303,
      "t"
    ],
    [
      1.868803,
      "\""
    ],
    [
      2.008737,
      "\u001b[?1l\u001b>"
    ],
    [
      0.000107,
      "\r\r\n"
    ],
    [
      0.00142,
      "\u001b]2;git commit -m \"Added another test\"\u0007\u001b]1;git\u0007"
    ],
    [
      0.007217,
      "[master 658ae6b] Added another test\r\n"
    ],
    [
      2.8e-05,
      " 1 file changed, 1 insertion(+)\r\n"
    ],
    [
      0.00053,
      "\u001b[1m\u001b[7m%\u001b[27m\u001b[1m\u001b[0m                                                                                                                                                                              \r \r"
    ],
    [
      0.000231,
      "\u001b]2;pcfl@ssd-mint: ~/test\u0007"
    ],
    [
      8.7e-05,
      "\u001b]1;~/test\u0007"
    ],
    [
      0.148693,
      "\r\u001b[0m\u001b[27m\u001b[24m\u001b[J\u001b[39m\u001b[0m\u001b[49m\u001b[40m\u001b[39m pcfl@ssd-mint \u001b[44m\u001b[30m\u001b[30m ~/test \u001b[42m\u001b[34m\u001b[30m  master \u001b[49m\u001b[32m\u001b[39m \u001b[K"
    ],
    [
      7.9e-05,
      "\u001b[?1h\u001b="
    ],
    [
      1.901727,
      "g"
    ],
    [
      0.102882,
      "\bgi"
    ],
    [
      0.077273,
      "t"
    ],
    [
      0.104484,
      " "
    ],
    [
      1.293566,
      "l"
    ],
    [
      0.19004,
      "o"
    ],
    [
      0.084322,
      "g"
    ],
    [
      3.961746,
      "\u001b[?1l\u001b>\r\r\n"
    ],
    [
      0.001524,
      "\u001b]2;git log\u0007\u001b]1;git\u0007"
    ],
    [
      0.009026,
      "\u001b[?1049h\u001b[?1h\u001b=\r"
    ],
    [
      0.000185,
      "\u001b[33mcommit 658ae6b3072cfe6cf288dda39cbbd278a029ce74\u001b[m\u001b[m\r\nAuthor: ha7ilm <retzlerandras@gmail.com>\u001b[m\r\nDate:   Fri Nov 18 10:32:52 2016 +0100\u001b[m\r\n\u001b[m\r\n    Added another test\u001b[m\r\n\u001b[m\r\n\u001b[33mcommit db2a8ea35d523890793bc21aa17084261d7cb044\u001b[m\u001b[m\r\nAuthor: ha7ilm <retzlerandras@gmail.com>\u001b[m\r\nDate:   Fri Nov 18 10:00:30 2016 +0100\u001b[m\r\n\u001b[m\r\n    Initial commit\u001b[m\r\n"
    ],
    [
      5.9e-05,
      "\u001b[7m(END)\u001b[27m\u001b[K"
    ],
    [
      5.57681,
      "\r\u001b[K\u001b[?1l\u001b>\u001b[?1049l"
    ],
    [
      0.001252,
      "\u001b[1m\u001b[7m%\u001b[27m\u001b[1m\u001b[0m                                                                                                                                                                              \r \r"
    ],
    [
      0.000277,
      "\u001b]2;pcfl@ssd-mint: ~/test\u0007\u001b]1;~/test\u0007"
    ],
    [
      0.138134,
      "\r\u001b[0m\u001b[27m\u001b[24m\u001b[J\u001b[39m\u001b[0m\u001b[49m\u001b[40m\u001b[39m pcfl@ssd-mint \u001b[44m\u001b[30m\u001b[30m ~/test \u001b[42m\u001b[34m\u001b[30m  master \u001b[49m\u001b[32m\u001b[39m \u001b[K"
    ],
    [
      7.8e-05,
      "\u001b[?1h\u001b="
    ],
    [
      1.076293,
      "g"
    ],
    [
      0.143039,
      "\bgi"
    ],
    [
      0.084871,
      "t"
    ],
    [
      0.120273,
      " "
    ],
    [
      0.48529,
      "l"
    ],
    [
      0.174761,
      "o"
    ],
    [
      0.069277,
      "g"
    ],
    [
      0.092948,
      " "
    ],
    [
      0.703874,
      "-"
    ],
    [
      0.142269,
      "-"
    ],
    [
      0.837641,
      "o"
    ],
    [
      0.237346,
      "n"
    ],
    [
      0.09294,
      "e"
    ],
    [
      0.120097,
      "l"
    ],
    [
      0.181262,
      "i"
    ],
    [
      0.173753,
      "n"
    ],
    [
      0.100847,
      "e"
    ],
    [
      1.521424,
      "\u001b[?1l\u001b>"
    ],
    [
      7.2e-05,
      "\r\r\n"
    ],
    [
      0.001436,
      "\u001b]2;git log --oneline\u0007\u001b]1;git\u0007"
    ],
    [
      0.008974,
      "\u001b[?1049h\u001b[?1h\u001b=\r\u001b[33m658ae6b\u001b[m Added another test\u001b[m\r\n\u001b[33mdb2a8ea\u001b[m Initial commit\u001b[m\r\n\u001b[7m(END)\u001b[27m\u001b[K"
    ],
    [
      2.831975,
      "\r\u001b[K\u001b[?1l\u001b>\u001b[?1049l"
    ],
    [
      0.001212,
      "\u001b[1m\u001b[7m%\u001b[27m\u001b[1m\u001b[0m                                                                                                                                                                              \r \r"
    ],
    [
