{
  "env": {
    "SHELL": "/usr/bin/zsh",
    "TERM": "xterm"
  },
  "command": null,
  "width": 175,
  "duration": 27.161392,
  "version": 1,
  "stdout": [
    [
      1.588039,
      "\u001b[?25h"
    ],
    [
      0.00035,
      "\u001b[0G\u001b[K"
    ],
    [
      0.000122,
      "\u001b[?25h\u001b[0G"
    ],
    [
      3e-05,
      "\u001b[K"
    ],
    [
      0.493087,
      "\u001b[1m\u001b[7m%\u001b[27m\u001b[1m\u001b[0m                                                                                                                                                                              \r \r"
    ],
    [
      5.7e-05,
      "\u001b]2;pcfl@ssd-mint: ~/test\u0007"
    ],
    [
      2.1e-05,
      "\u001b]1;~/test\u0007"
    ],
    [
      0.135157,
      "\r\u001b[0m\u001b[27m\u001b[24m\u001b[J\u001b[39m\u001b[0m\u001b[49m\u001b[40m\u001b[39m pcfl@ssd-mint \u001b[44m\u001b[30m\u001b[30m ~/test \u001b[43m\u001b[34m\u001b[30m  master \u001b[49m\u001b[33m\u001b[39m \u001b[K"
    ],
    [
      7.4e-05,
      "\u001b[?1h\u001b="
    ],
    [
      1.379501,
      "g"
    ],
    [
      0.485871,
      "\bgi"
    ],
    [
      0.213073,
      "t"
    ],
    [
      0.12036,
      " "
    ],
    [
      0.338745,
      "c"
    ],
    [
      0.136567,
      "o"
    ],
    [
      0.196965,
      "m"
    ],
    [
      0.118061,
      "m"
    ],
    [
      0.166355,
      "i"
    ],
    [
      0.084765,
      "t"
    ],
    [
      0.1129,
      " "
    ],
    [
      0.709739,
      "-"
    ],
    [
      0.58867,
      "m"
    ],
    [
      0.096117,
      " "
    ],
    [
      0.648475,
      "\""
    ],
    [
      0.645386,
      "I"
    ],
    [
      0.189283,
      "n"
    ],
    [
      0.173908,
      "i"
    ],
    [
      0.084771,
      "t"
    ],
    [
      0.087503,
      "i"
    ],
    [
      0.139303,
      "a"
    ],
    [
      0.128785,
      "l"
    ],
    [
      0.103129,
      " "
    ],
    [
      0.155029,
      "c"
    ],
    [
      0.088073,
      "o"
    ],
    [
      0.197176,
      "m"
    ],
    [
      0.110288,
      "m"
    ],
    [
      0.174338,
      "i"
    ],
    [
      0.084811,
      "t"
    ],
    [
      0.348368,
      "\""
    ],
    [
      1.592795,
      "\u001b[?1l\u001b>\r\r\n"
    ],
    [
      0.000551,
      "\u001b]2;git commit -m \"Initial commit\"\u0007\u001b]1;git\u0007"
    ],
    [
      0.008836,
      "[master (root-commit) db2a8ea] Initial commit\r\n"
    ],
    [
      0.000486,
      " 3 files changed, 9 insertions(+)\r\n create mode 100644 .gitignore\r\n create mode 100644 Makefile\r\n create mode 100644 test.c\r\n"
    ],
    [
      0.000504,
      "\u001b[1m\u001b[7m%\u001b[27m\u001b[1m\u001b[0m                                                                                                                                                                              \r \r"
    ],
    [
      0.000273,
      "\u001b]2;pcfl@ssd-mint: ~/test\u0007"
    ],
    [
      2.3e-05,
      "\u001b]1;~/test\u0007"
    ],
    [
      0.107191,
      "\r\u001b[0m\u001b[27m\u001b[24m\u001b[J\u001b[39m\u001b[0m\u001b[49m\u001b[40m\u001b[39m pcfl@ssd-mint \u001b[44m\u001b[30m\u001b[30m ~/test \u001b[42m\u001b[34m\u001b[30m  master \u001b[49m\u001b[32m\u001b[39m \u001b[K"
    ],
    [
      7.8e-05,
      "\u001b[?1h\u001b="
    ],
    [
      4.246728,
      "g"
    ],
    [
      0.135244,
      "\bgi"
    ],
    [
      0.140893,
      "t"
    ],
    [
      0.16836,
      " "
    ],
    [
      0.253075,
      "l"
    ],
    [
      0.158124,
      "o"
    ],
    [
      0.10059,
      "g"
    ],
    [
      0.152244,
      "\u001b[?1l\u001b>\r\r\n"
    ],
    [
      0.001493,
      "\u001b]2;git log\u0007\u001b]1;git\u0007"
    ],
    [
      0.008286,
      "\u001b[?1049h\u001b[?1h\u001b=\r"
    ],
    [
      7.2e-05,
      "\u001b[33mcommit db2a8ea35d523890793bc21aa17084261d7cb044\u001b[m\u001b[m\r\nAuthor: ha7ilm <retzlerandras@gmail.com>\u001b[m\r\nDate:   Fri Nov 18 10:00:30 2016 +0100\u001b[m\r\n\u001b[m\r\n    Initial commit\u001b[m\r\n\u001b[7m(END)\u001b[27m\u001b[K"
    ],
    [
      7.15394,
      "\r\u001b[K"
    ],
    [
      0.000197,
      "\u0007\r\u001b[K\u001b[7m(END)\u001b[27m\u001b[K"
    ],
    [
      1.872205,
      "\r\u001b[K\u001b[?1l\u001b>\u001b[?1049l"
    ],
    [
      0.00128,
      "\u001b[1m\u001b[7m%\u001b[27m\u001b[1m\u001b[0m                                                                                                                                                                              \r \r"
    ],
    [
      0.000324,
      "\u001b]2;pcfl@ssd-mint: ~/test\u0007\u001b]1;~/test\u0007"
    ],
    [
      0.151932,
      "\r\u001b[0m\u001b[27m\u001b[24m\u001b[J\u001b[39m\u001b[0m\u001b[49m\u001b[40m\u001b[39m pcfl@ssd-mint \u001b[44m\u001b[30m\u001b[30m ~/test \u001b[42m\u001b[34m\u001b[30m  master \u001b[49m\u001b[32m\u001b[39m \u001b[K"
    ],
    [
      7.7e-05,
      "\u001b[?1h\u001b="
    ],
    [
      0.564934,
      "\r\r\n"
    ]
  ],
  "title": null,
  "height": 29
}