{
  "env": {
    "TERM": "xterm",
    "SHELL": "/usr/bin/zsh"
  },
  "height": 29,
  "version": 1,
  "width": 175,
  "title": null,
  "command": null,
  "duration": 24.503955,
  "stdout": [
    [
      1.397609,
      "g"
    ],
    [
      0.178452,
      "\u001b[?25h"
    ],
    [
      0.000392,
      "\u001b[0G\u001b[K"
    ],
    [
      0.00012,
      "\u001b[?25h\u001b[0G"
    ],
    [
      2.1e-05,
      "\u001b[K"
    ],
    [
      0.076064,
      "i"
    ],
    [
      0.309154,
      "t"
    ],
    [
      0.113632,
      "\u001b[1m\u001b[7m%\u001b[27m\u001b[1m\u001b[0m                                                                                                                                                                              \r \r"
    ],
    [
      6.1e-05,
      "\u001b]2;pcfl@ssd-mint: ~/test\u0007"
    ],
    [
      2.9e-05,
      "\u001b]1;~/test\u0007"
    ],
    [
      0.135435,
      "\r\u001b[0m\u001b[27m\u001b[24m\u001b[J\u001b[39m\u001b[0m\u001b[49m\u001b[40m\u001b[39m pcfl@ssd-mint \u001b[44m\u001b[30m\u001b[30m ~/test \u001b[43m\u001b[34m\u001b[30m  master \u001b[49m\u001b[33m\u001b[39m \u001b[K"
    ],
    [
      0.000163,
      "\u001b[?1h\u001b="
    ],
    [
      0.002949,
      "g"
    ],
    [
      0.000226,
      "\bgi"
    ],
    [
      0.000359,
      "t"
    ],
    [
      0.205045,
      " "
    ],
    [
      0.619268,
      "c"
    ],
    [
      0.120222,
      "o"
    ],
    [
      0.197054,
      "m"
    ],
    [
      0.133981,
      "m"
    ],
    [
      0.174657,
      "i"
    ],
    [
      0.077034,
      "t"
    ],
    [
      0.136403,
      " "
    ],
    [
      1.958229,
      "-"
    ],
    [
      0.22851,
      "m"
    ],
    [
      0.064063,
      " "
    ],
    [
      0.290665,
      "\""
    ],
    [
      0.477336,
      "I"
    ],
    [
      0.212111,
      "n"
    ],
    [
      0.551136,
      "i"
    ],
    [
      0.108783,
      "t"
    ],
    [
      0.095131,
      "i"
    ],
    [
      0.115623,
      "a"
    ],
    [
      0.145034,
      "l"
    ],
    [
      0.086926,
      " "
    ],
    [
      0.131277,
      "c"
    ],
    [
      0.088044,
      "o"
    ],
    [
      0.181058,
      "m"
    ],
    [
      0.118122,
      "m"
    ],
    [
      0.166376,
      "i"
    ],
    [
      0.070788,
      "t"
    ],
    [
      0.321101,
      "\""
    ],
    [
      4.251097,
      "\u001b[?1l\u001b>"
    ],
    [
      7e-05,
      "\r\r\n"
    ],
    [
      0.001934,
      "\u001b]2;git commit -m \"Initial commit\"\u0007\u001b]1;git\u0007"
    ],
    [
      0.01179,
      "[master (root-commit) 472b4f7] Initial commit\r\n"
    ],
    [
      0.000428,
      " 3 files changed, 9 insertions(+)\r\n create mode 100644 .gitignore\r\n create mode 100644 Makefile\r\n create mode 100644 test.c\r\n"
    ],
    [
      0.000771,
      "\u001b[1m\u001b[7m%\u001b[27m\u001b[1m\u001b[0m                                                                                                                                                                              \r \r"
    ],
    [
      0.000321,
      "\u001b]2;pcfl@ssd-mint: ~/test\u0007"
    ],
    [
      0.000243,
      "\u001b]1;~/test\u0007"
    ],
    [
      0.146102,
      "\r\u001b[0m\u001b[27m\u001b[24m\u001b[J\u001b[39m\u001b[0m\u001b[49m\u001b[40m\u001b[39m pcfl@ssd-mint \u001b[44m\u001b[30m\u001b[30m ~/test \u001b[42m\u001b[34m\u001b[30m  master \u001b[49m\u001b[32m\u001b[39m \u001b[K"
    ],
    [
      7.6e-05,
      "\u001b[?1h\u001b="
    ],
    [
      3.331107,
      "g"
    ],
    [
      0.919492,
      "\bgi"
    ],
    [
      0.077727,
      "t"
    ],
    [
      0.063783,
      " "
    ],
    [
      0.605141,
      "l"
    ],
    [
      0.174072,
      "o"
    ],
    [
      0.076043,
      "g"
    ],
    [
      1.561343,
      "\u001b[?1l\u001b>"
    ],
    [
      6.8e-05,
      "\r\r\n"
    ],
    [
      0.00143,
      "\u001b]2;git log\u0007\u001b]1;git\u0007"
    ],
    [
      0.012284,
      "\u001b[?1049h\u001b[?1h\u001b=\r"
    ],
    [
      0.000122,
      "\u001b[33mcommit 472b4f77f8f43f5cb723bc45985a7794d9c06f61\u001b[m\u001b[m\r\nAuthor: ha7ilm <retzlerandras@gmail.com>\u001b[m\r\nDate:   Thu Nov 17 15:39:05 2016 +0100\u001b[m\r\n\u001b[m\r\n    Initial commit\u001b[m\r\n\u001b[7m(END)\u001b[27m\u001b[K"
    ],
    [
      2.660809,
      "\r\u001b[K\u001b[?1l\u001b>\u001b[?1049l"
    ],
    [
      0.001084,
      "\u001b[1m\u001b[7m%\u001b[27m\u001b[1m\u001b[0m                                                                                                                                                                              \r \r"
    ],
    [
      0.000287,
      "\u001b]2;pcfl@ssd-mint: ~/test\u0007"
    ],
    [
      8.7e-05,
      "\u001b]1;~/test\u0007"
    ],
    [
      0.1439,
      "\r\u001b[0m\u001b[27m\u001b[24m\u001b[J\u001b[39m\u001b[0m\u001b[49m\u001b[40m\u001b[39m pcfl@ssd-mint \u001b[44m\u001b[30m\u001b[30m ~/test \u001b[42m\u001b[34m\u001b[30m  master \u001b[49m\u001b[32m\u001b[39m \u001b[K\u001b[?1h\u001b="
    ],
    [
      1.15719,
      "\r\r\n"
    ]
  ]
}