{
  "width": 175,
  "stdout": [
    [
      1.568619,
      "\u001b[?25h"
    ],
    [
      0.000348,
      "\u001b[0G"
    ],
    [
      2.1e-05,
      "\u001b[K"
    ],
    [
      0.000125,
      "\u001b[?25h\u001b[0G"
    ],
    [
      2.1e-05,
      "\u001b[K"
    ],
    [
      0.293711,
      "v"
    ],
    [
      0.087026,
      "i"
    ],
    [
      0.109263,
      "\u001b[1m\u001b[7m%\u001b[27m\u001b[1m\u001b[0m                                                                                                                                                                              \r \r"
    ],
    [
      2.6e-05,
      "\u001b]2;pcfl@ssd-mint: ~/test\u0007\u001b]1;~/test\u0007"
    ],
    [
      0.048732,
      "m"
    ],
    [
      0.087638,
      "\r\u001b[0m\u001b[27m\u001b[24m\u001b[J\u001b[39m\u001b[0m\u001b[49m\u001b[40m\u001b[39m pcfl@ssd-mint \u001b[44m\u001b[30m\u001b[30m ~/test \u001b[43m\u001b[34m\u001b[30m  master \u001b[49m\u001b[33m\u001b[39m \u001b[K"
    ],
    [
      3.4e-05,
      "\u001b[?1h\u001b="
    ],
    [
      0.002861,
      "v"
    ],
    [
      2.8e-05,
      "\bvi"
    ],
    [
      0.00035,
      "m"
    ],
    [
      4.4e-05,
      " "
    ],
    [
      1.009818,
      "g"
    ],
    [
      0.167401,
      "i"
    ],
    [
      0.093172,
      "t"
    ],
    [
      0.102949,
      "i"
    ],
    [
      0.479287,
      "\b \b"
    ],
    [
      0.142051,
      "\b \b"
    ],
    [
      0.133793,
      "\b \b"
    ],
    [
      0.118093,
      "\b \b"
    ],
    [
      0.429605,
      "."
    ],
    [
      0.644732,
      "g"
    ],
    [
      0.143327,
      "i"
    ],
    [
      0.132773,
      "t"
    ],
    [
      0.759219,
      "i"
    ],
    [
      0.20515,
      "g"
    ],
    [
      0.174196,
      "n"
    ],
    [
      0.24716,
      "o"
    ],
    [
      0.09287,
      "r"
    ],
    [
      0.062768,
      "e"
    ],
    [
      0.823431,
      "\u001b[?1l\u001b>"
    ],
    [
      7.1e-05,
      "\r\r\n"
    ],
    [
      0.001811,
      "\u001b]2;vim .gitignore\u0007\u001b]1;vim\u0007"
    ],
    [
      0.201208,
      "\u001b[?1000h\u001b[?1049h\u001b[?1h\u001b="
    ],
    [
      6.5e-05,
      "\u001b[2;1H▽\u001b[6n\u001b[1;1H  \u001b[1;1H"
    ],
    [
      0.002556,
      "\u001b[1;29r\u001b[?12;25h\u001b[?12l\u001b[?25h\u001b[27m\u001b[m\u001b[H\u001b[2J\u001b[?25l\u001b[29;1H\".gitignore\" [Új fájl]"
    ],
    [
      0.03498,
      "\u001b[>c"
    ],
    [
      0.000431,
      "\u001b[1;1H\u001b[1m .gitignore \u001b[m\u001b[7m                                                                                                                                                                   \u001b[m\u001b[2;1H\u001b[38;5;130m  1 \u001b[m\r\n\u001b[94m~                                                                                                                                                                              \u001b[4;1H~                                                                                                                                                                              \u001b[5;1H~                                                                                                                                                                              \u001b[6;1H~                                                                                                                                                                              \u001b[7;1H~                                                                         "
    ],
    [
      2.3e-05,
      "                                                                                                     \u001b[8;1H~                                                                                                                                                                              \u001b[9;1H~                                                                                                                                                                              \u001b[10;1H~                                                                                                                                                                              \u001b[11;1H~                                                                                                                                                                              \u001b[12;1H~                                                                                                                                                                              \u001b[13;1H~       "
    ],
    [
      2.1e-05,
      "                                                                                                                                                                       \u001b[14;1H~                                                                                                                                                                              \u001b[15;1H~                                                                                                                                                                              \u001b[16;1H~                                                                                                                                                                              \u001b[17;1H~                                                                                                                                                                              \u001b[18;1H~                                                                                                                         "
    ],
    [
      1.4e-05,
      "                                                     \u001b[19;1H~                                                                                                                                                                              \u001b[20;1H~                                                                                                                                                                              \u001b[21;1H~                                                                                                                                                                              \u001b[22;1H~                                                                                                                                                                              \u001b[23;1H~                                                                                                                                                                              \u001b[24;1H~                                     "
    ],
    [
      0.000938,
