{
  "title": null,
  "height": 29,
  "env": {
    "SHELL": "/usr/bin/zsh",
    "TERM": "xterm"
  },
  "command": null,
  "duration": 64.386094,
  "version": 1,
  "width": 176,
  "stdout": [
    [
      1.612238,
      "\u001b[?25h"
    ],
    [
      0.000391,
      "\u001b[0G\u001b[K"
    ],
    [
      0.000142,
      "\u001b[?25h"
    ],
    [
      2.1e-05,
      "\u001b[0G\u001b[K"
    ],
    [
      0.48847,
      "g"
    ],
    [
      0.007903,
      "\u001b[1m\u001b[7m%\u001b[27m\u001b[1m\u001b[0m                                                                                                                                                                               \r \r"
    ],
    [
      5.7e-05,
      "\u001b]2;pcfl@ssd-mint: ~/test\u0007"
    ],
    [
      1.8e-05,
      "\u001b]1;~/test\u0007"
    ],
    [
      0.144964,
      "\r\u001b[0m\u001b[27m\u001b[24m\u001b[J\u001b[39m\u001b[0m\u001b[49m\u001b[40m\u001b[39m pcfl@ssd-mint \u001b[44m\u001b[30m\u001b[30m ~/test \u001b[42m\u001b[34m\u001b[30m  master \u001b[49m\u001b[32m\u001b[39m \u001b[K"
    ],
    [
      8.6e-05,
      "\u001b[?1h\u001b="
    ],
    [
      0.002901,
      "g"
    ],
    [
      0.131913,
      "\bgi"
    ],
    [
      0.078403,
      "t"
    ],
    [
      0.09545,
      " "
    ],
    [
      0.700894,
      "l"
    ],
    [
      0.166186,
      "o"
    ],
    [
      0.077421,
      "g"
    ],
    [
      0.903521,
      "\u001b[?1l\u001b>"
    ],
    [
      7.7e-05,
      "\r\r\n"
    ],
    [
      0.001455,
      "\u001b]2;git log\u0007\u001b]1;git\u0007"
    ],
    [
      0.008565,
      "\u001b[?1049h\u001b[?1h\u001b=\r"
    ],
    [
      0.000335,
      "\u001b[33mcommit 8f2389e44af5e30c09f02b368fe1873a578d1cec\u001b[m\u001b[m\r\nAuthor: ha7ilm <retzlerandras@gmail.com>\u001b[m\r\nDate:   Fri Nov 18 10:47:03 2016 +0100\u001b[m\r\n\u001b[m\r\n    Added clean target to Makefile\u001b[m\r\n\u001b[m\r\n\u001b[33mcommit 658ae6b3072cfe6cf288dda39cbbd278a029ce74\u001b[m\u001b[m\r\nAuthor: ha7ilm <retzlerandras@gmail.com>\u001b[m\r\nDate:   Fri Nov 18 10:32:52 2016 +0100\u001b[m\r\n\u001b[m\r\n    Added another test\u001b[m\r\n\u001b[m\r\n\u001b[33mcommit db2a8ea35d523890793bc21aa17084261d7cb044\u001b[m\u001b[m\r\nAuthor: ha7ilm <retzlerandras@gmail.com>\u001b[m\r\nDate:   Fri Nov 18 10:00:30 2016 +0100\u001b[m\r\n\u001b[m\r\n    Initial commit\u001b[m\r\n\u001b[7m(END)\u001b[27m\u001b[K"
    ],
    [
      3.706867,
      "\r\u001b[K\u001b[?1l\u001b>\u001b[?1049l"
    ],
    [
      0.001188,
      "\u001b[1m\u001b[7m%\u001b[27m\u001b[1m\u001b[0m                                                                                                                                                                               \r \r"
    ],
    [
      0.000396,
      "\u001b]2;pcfl@ssd-mint: ~/test\u0007\u001b]1;~/test\u0007"
    ],
    [
      0.152515,
      "\r\u001b[0m\u001b[27m\u001b[24m\u001b[J\u001b[39m\u001b[0m\u001b[49m\u001b[40m\u001b[39m pcfl@ssd-mint \u001b[44m\u001b[30m\u001b[30m ~/test \u001b[42m\u001b[34m\u001b[30m  master \u001b[49m\u001b[32m\u001b[39m \u001b[K"
    ],
    [
      8.4e-05,
      "\u001b[?1h\u001b="
    ],
    [
      1.438123,
      "g"
    ],
    [
      0.151034,
      "\bgi"
    ],
    [
      0.078628,
      "t"
    ],
    [
      0.086823,
      " "
    ],
    [
      0.107111,
      "c"
    ],
    [
      0.119197,
      "h"
    ],
    [
      0.100895,
      "e"
    ],
    [
      0.134109,
      "c"
    ],
    [
      0.183405,
      "k"
    ],
    [
      0.254825,
      "o"
    ],
    [
      0.197076,
      "u"
    ],
    [
      0.07037,
      "t"
    ],
    [
      0.085172,
      " "
    ],
    [
      0.596503,
      "d"
    ],
    [
      0.000274,
      "b"
    ],
    [
      0.000285,
      "2"
    ],
    [
      0.000294,
      "a"
    ],
    [
      0.00018,
      "8"
    ],
    [
      0.000328,
      "e"
    ],
    [
      0.000212,
      "a"
    ],
    [
      0.000331,
      "3"
    ],
    [
      0.000249,
      "5"
    ],
    [
      0.000284,
      "d"
    ],
    [
      0.000249,
      "5"
    ],
    [
      0.000258,
      "2"
    ],
    [
      0.000178,
      "3"
    ],
    [
      0.000202,
      "8"
    ],
    [
      0.000278,
      "9"
    ],
    [
      0.000255,
      "0"
    ],
    [
      0.000272,
      "7"
    ],
    [
      0.000335,
      "9"
    ],
    [
      0.000264,
      "3"
    ],
    [
      0.000264,
      "b"
    ],
    [
      0.000263,
      "c"
    ],
    [
      0.000278,
      "2"
    ],
    [
      0.000267,
      "1"
    ],
    [
      0.000261,
      "a"
    ],
    [
      0.000266,
      "a"
    ],
    [
      0.000293,
      "1"
    ],
    [
      7.4e-05,
      "7"
    ],
    [
      7.1e-05,
      "0"
    ],
    [
      9e-05,
      "8"
    ],
    [
      6.9e-05,
      "4"
    ],
    [
      7.7e-05,
      "2"
    ],
    [
      6.3e-05,
      "6"
    ],
    [
      7.1e-05,
      "1"
    ],
    [
      6.5e-05,
      "d"
    ],
    [
      6.7e-05,
      "7"
    ],
    [
      6.7e-05,
      "c"
    ],
    [
      8e-05,
      "b"
    ],
    [
      7.1e-05,
      "0"
    ],
    [
      7.1e-05,
      "4"
    ],
    [
      7.1e-05,
      "4"
    ],
    [
      1.886986,
      "\u001b[?1l\u001b>"
    ],
    [
      7.2e-05,
      "\r\r\n"
    ],
    [
      0.00146,
      "\u001b]2;git checkout db2a8ea35d523890793bc21aa17084261d7cb044\u0007\u001b]1;git\u0007"
    ],
    [
      0.007382,
      "Note: checking out 'db2a8ea35d523890793bc21aa17084261d7cb044'.\r\n\r\nYou are in 'detached HEAD' state. You can look around, make experimental\r\nchanges and commit them, and you can discard any commits you make in this\r\nstate without impacting any branches by performing another checkout.\r\n\r\nIf you want to create a new branch to retain commits you create, you may\r\ndo so (now or later) by using -b with the checkout command again. Example:\r\n\r\n  git checkout -b new_branch_name\r\n\r\n"
    ],
    [
      0.000574,
      "HEAD is now at db2a8ea... Initial commit\r\n"
    ],
    [
      0.000577,
      "\u001b[1m\u001b[7m%\u001b[27m\u001b[1m\u001b[0m                                                                                                                                                                               \r \r"
    ],
    [
      8.5e-05,
      "\u001b]2;pcfl@ssd-mint: ~/test\u0007\u001b]1;~/test\u0007"
    ],
    [
      0.145098,
      "\r\u001b[0m\u001b[27m\u001b[24m\u001b[J\u001b[39m\u001b[0m\u001b[49m\u001b[40m\u001b[39m pcfl@ssd-mint \u001b[44m\u001b[30m\u001b[30m ~/test \u001b[42m\u001b[34m\u001b[30m ➦ db2a8ea \u001b[49m\u001b[32m\u001b[39m \u001b[K"
    ],
    [
      3.2e-05,
      "\u001b[?1h\u001b="
    ],
    [
      2.137336,
      "\u001b[H\u001b[2J\u001b[0m\u001b[27m\u001b[24m\u001b[J\u001b[39m\u001b[0m\u001b[49m\u001b[40m\u001b[39m pcfl@ssd-mint \u001b[44m\u001b[30m\u001b[30m ~/test \u001b[42m\u001b[34m\u001b[30m ➦ db2a8ea \u001b[49m\u001b[32m\u001b[39m \u001b[K"
    ],
    [
      2.460096,
      "c"
    ],
    [
      0.069976,
      "\bca"
    ],
    [
      0.150489,
      "t"
    ],
    [
      0.088705,
      " "
    ],
    [
      1.659638,
      "t"
    ],
    [
      0.195695,
      "est"
    ],
    [
      0.650249,
      "."
    ],
    [
      0.076133,
      "c\u001b[1m \u001b[0m"
    ],
    [
      0.424757,
      "\b\u001b[0m \b\u001b[?1l\u001b>"
    ],
    [
      7.2e-05,
      "\r\r\n"
    ],
    [
      0.00152,
      "\u001b]2;cat test.c\u0007\u001b]1;cat\u0007"
    ],
    [
      0.003054,
      "#include <stdio.h>\r\n\r\nint main() \r\n{\r\n\tprintf(\"This is a test.\\n\");\r\n}\r\n"
    ],
    [
      0.000557,
      "\u001b[1m\u001b[7m%\u001b[27m\u001b[1m\u001b[0m                                                                                                                                                                               \r \r"
    ],
    [
      0.0003,
